,width,height,file_size_mb,mean_intensity,std_intensity
count,500.0,500.0,500.0,500.0,500.0
mean,2162.966,2209.756,1.8167357940673827,149.0383234039676,65.76686634297137
std,194.59433381654995,219.44225269655186,0.34748643378589705,24.223814353728386,12.714624294100307
min,1871.0,2014.0,1.0280237197875977,74.00400471687317,33.491907639900575
25%,2048.0,2048.0,1.5794250965118408,131.85581791548927,56.96783984376825
50%,2048.0,2048.0,1.8221311569213867,152.53550465193476,65.36976129242332
75%,2319.75,2496.0,2.0402376651763916,167.40243601235642,75.5529776418827
max,2891.0,3001.0,2.931004524230957,200.4401506768768,95.7757009652818
